vhigh,vhigh,2,2,small,low,rest
vhigh,vhigh,2,2,small,med,rest
vhigh,vhigh,2,2,small,high,rest
vhigh,vhigh,2,2,med,low,rest
vhigh,vhigh,2,2,med,med,rest
vhigh,vhigh,2,2,med,high,rest
vhigh,vhigh,2,2,big,low,rest
vhigh,vhigh,2,2,big,med,rest
vhigh,vhigh,2,2,big,high,rest
vhigh,vhigh,2,4,small,low,rest
vhigh,vhigh,2,4,small,med,rest
vhigh,vhigh,2,4,small,high,rest
vhigh,vhigh,2,4,med,low,rest
vhigh,vhigh,2,4,med,med,rest
vhigh,vhigh,2,4,med,high,rest
vhigh,vhigh,2,4,big,low,rest
vhigh,vhigh,2,4,big,med,rest
vhigh,vhigh,2,4,big,high,rest
vhigh,vhigh,2,more,small,low,rest
vhigh,vhigh,2,more,small,med,rest
vhigh,vhigh,2,more,small,high,rest
vhigh,vhigh,2,more,med,low,rest
vhigh,vhigh,2,more,med,med,rest
vhigh,vhigh,2,more,med,high,rest
vhigh,vhigh,2,more,big,low,rest
vhigh,vhigh,2,more,big,med,rest
vhigh,vhigh,2,more,big,high,rest
vhigh,vhigh,3,2,small,low,rest
vhigh,vhigh,3,2,small,med,rest
vhigh,vhigh,3,2,small,high,rest
vhigh,vhigh,3,2,med,low,rest
vhigh,vhigh,3,2,med,med,rest
vhigh,vhigh,3,2,med,high,rest
vhigh,vhigh,3,2,big,low,rest
vhigh,vhigh,3,2,big,med,rest
vhigh,vhigh,3,2,big,high,rest
vhigh,vhigh,3,4,small,low,rest
vhigh,vhigh,3,4,small,med,rest
vhigh,vhigh,3,4,small,high,rest
vhigh,vhigh,3,4,med,low,rest
vhigh,vhigh,3,4,med,med,rest
vhigh,vhigh,3,4,med,high,rest
vhigh,vhigh,3,4,big,low,rest
vhigh,vhigh,3,4,big,med,rest
vhigh,vhigh,3,4,big,high,rest
vhigh,vhigh,3,more,small,low,rest
vhigh,vhigh,3,more,small,med,rest
vhigh,vhigh,3,more,small,high,rest
vhigh,vhigh,3,more,med,low,rest
vhigh,vhigh,3,more,med,med,rest
vhigh,vhigh,3,more,med,high,rest
vhigh,vhigh,3,more,big,low,rest
vhigh,vhigh,3,more,big,med,rest
vhigh,vhigh,3,more,big,high,rest
vhigh,vhigh,4,2,small,low,rest
vhigh,vhigh,4,2,small,med,rest
vhigh,vhigh,4,2,small,high,rest
vhigh,vhigh,4,2,med,low,rest
vhigh,vhigh,4,2,med,med,rest
vhigh,vhigh,4,2,med,high,rest
vhigh,vhigh,4,2,big,low,rest
vhigh,vhigh,4,2,big,med,rest
vhigh,vhigh,4,2,big,high,rest
vhigh,vhigh,4,4,small,low,rest
vhigh,vhigh,4,4,small,med,rest
vhigh,vhigh,4,4,small,high,rest
vhigh,vhigh,4,4,med,low,rest
vhigh,vhigh,4,4,med,med,rest
vhigh,vhigh,4,4,med,high,rest
vhigh,vhigh,4,4,big,low,rest
vhigh,vhigh,4,4,big,med,rest
vhigh,vhigh,4,4,big,high,rest
vhigh,vhigh,4,more,small,low,rest
vhigh,vhigh,4,more,small,med,rest
vhigh,vhigh,4,more,small,high,rest
vhigh,vhigh,4,more,med,low,rest
vhigh,vhigh,4,more,med,med,rest
vhigh,vhigh,4,more,med,high,rest
vhigh,vhigh,4,more,big,low,rest
vhigh,vhigh,4,more,big,med,rest
vhigh,vhigh,4,more,big,high,rest
vhigh,vhigh,5more,2,small,low,rest
vhigh,vhigh,5more,2,small,med,rest
vhigh,vhigh,5more,2,small,high,rest
vhigh,vhigh,5more,2,med,low,rest
vhigh,vhigh,5more,2,med,med,rest
vhigh,vhigh,5more,2,med,high,rest
vhigh,vhigh,5more,2,big,low,rest
vhigh,vhigh,5more,2,big,med,rest
vhigh,vhigh,5more,2,big,high,rest
vhigh,vhigh,5more,4,small,low,rest
vhigh,vhigh,5more,4,small,med,rest
vhigh,vhigh,5more,4,small,high,rest
vhigh,vhigh,5more,4,med,low,rest
vhigh,vhigh,5more,4,med,med,rest
vhigh,vhigh,5more,4,med,high,rest
vhigh,vhigh,5more,4,big,low,rest
vhigh,vhigh,5more,4,big,med,rest
vhigh,vhigh,5more,4,big,high,rest
vhigh,vhigh,5more,more,small,low,rest
vhigh,vhigh,5more,more,small,med,rest
vhigh,vhigh,5more,more,small,high,rest
vhigh,vhigh,5more,more,med,low,rest
vhigh,vhigh,5more,more,med,med,rest
vhigh,vhigh,5more,more,med,high,rest
vhigh,vhigh,5more,more,big,low,rest
vhigh,vhigh,5more,more,big,med,rest
vhigh,vhigh,5more,more,big,high,rest
vhigh,high,2,2,small,low,rest
vhigh,high,2,2,small,med,rest
vhigh,high,2,2,small,high,rest
vhigh,high,2,2,med,low,rest
vhigh,high,2,2,med,med,rest
vhigh,high,2,2,med,high,rest
vhigh,high,2,2,big,low,rest
vhigh,high,2,2,big,med,rest
vhigh,high,2,2,big,high,rest
vhigh,high,2,4,small,low,rest
vhigh,high,2,4,small,med,rest
vhigh,high,2,4,small,high,rest
vhigh,high,2,4,med,low,rest
vhigh,high,2,4,med,med,rest
vhigh,high,2,4,med,high,rest
vhigh,high,2,4,big,low,rest
vhigh,high,2,4,big,med,rest
vhigh,high,2,4,big,high,rest
vhigh,high,2,more,small,low,rest
vhigh,high,2,more,small,med,rest
vhigh,high,2,more,small,high,rest
vhigh,high,2,more,med,low,rest
vhigh,high,2,more,med,med,rest
vhigh,high,2,more,med,high,rest
vhigh,high,2,more,big,low,rest
vhigh,high,2,more,big,med,rest
vhigh,high,2,more,big,high,rest
vhigh,high,3,2,small,low,rest
vhigh,high,3,2,small,med,rest
vhigh,high,3,2,small,high,rest
vhigh,high,3,2,med,low,rest
vhigh,high,3,2,med,med,rest
vhigh,high,3,2,med,high,rest
vhigh,high,3,2,big,low,rest
vhigh,high,3,2,big,med,rest
vhigh,high,3,2,big,high,rest
vhigh,high,3,4,small,low,rest
vhigh,high,3,4,small,med,rest
vhigh,high,3,4,small,high,rest
vhigh,high,3,4,med,low,rest
vhigh,high,3,4,med,med,rest
vhigh,high,3,4,med,high,rest
vhigh,high,3,4,big,low,rest
vhigh,high,3,4,big,med,rest
vhigh,high,3,4,big,high,rest
vhigh,high,3,more,small,low,rest
vhigh,high,3,more,small,med,rest
vhigh,high,3,more,small,high,rest
vhigh,high,3,more,med,low,rest
vhigh,high,3,more,med,med,rest
vhigh,high,3,more,med,high,rest
vhigh,high,3,more,big,low,rest
vhigh,high,3,more,big,med,rest
vhigh,high,3,more,big,high,rest
vhigh,high,4,2,small,low,rest
vhigh,high,4,2,small,med,rest
vhigh,high,4,2,small,high,rest
vhigh,high,4,2,med,low,rest
vhigh,high,4,2,med,med,rest
vhigh,high,4,2,med,high,rest
vhigh,high,4,2,big,low,rest
vhigh,high,4,2,big,med,rest
vhigh,high,4,2,big,high,rest
vhigh,high,4,4,small,low,rest
vhigh,high,4,4,small,med,rest
vhigh,high,4,4,small,high,rest
vhigh,high,4,4,med,low,rest
vhigh,high,4,4,med,med,rest
vhigh,high,4,4,med,high,rest
vhigh,high,4,4,big,low,rest
vhigh,high,4,4,big,med,rest
vhigh,high,4,4,big,high,rest
vhigh,high,4,more,small,low,rest
vhigh,high,4,more,small,med,rest
vhigh,high,4,more,small,high,rest
vhigh,high,4,more,med,low,rest
vhigh,high,4,more,med,med,rest
vhigh,high,4,more,med,high,rest
vhigh,high,4,more,big,low,rest
vhigh,high,4,more,big,med,rest
vhigh,high,4,more,big,high,rest
vhigh,high,5more,2,small,low,rest
vhigh,high,5more,2,small,med,rest
vhigh,high,5more,2,small,high,rest
vhigh,high,5more,2,med,low,rest
vhigh,high,5more,2,med,med,rest
vhigh,high,5more,2,med,high,rest
vhigh,high,5more,2,big,low,rest
vhigh,high,5more,2,big,med,rest
vhigh,high,5more,2,big,high,rest
vhigh,high,5more,4,small,low,rest
vhigh,high,5more,4,small,med,rest
vhigh,high,5more,4,small,high,rest
vhigh,high,5more,4,med,low,rest
vhigh,high,5more,4,med,med,rest
vhigh,high,5more,4,med,high,rest
vhigh,high,5more,4,big,low,rest
vhigh,high,5more,4,big,med,rest
vhigh,high,5more,4,big,high,rest
vhigh,high,5more,more,small,low,rest
vhigh,high,5more,more,small,med,rest
vhigh,high,5more,more,small,high,rest
vhigh,high,5more,more,med,low,rest
vhigh,high,5more,more,med,med,rest
vhigh,high,5more,more,med,high,rest
vhigh,high,5more,more,big,low,rest
vhigh,high,5more,more,big,med,rest
vhigh,high,5more,more,big,high,rest
vhigh,med,2,2,small,low,rest
vhigh,med,2,2,small,med,rest
vhigh,med,2,2,small,high,rest
vhigh,med,2,2,med,low,rest
vhigh,med,2,2,med,med,rest
vhigh,med,2,2,med,high,rest
vhigh,med,2,2,big,low,rest
vhigh,med,2,2,big,med,rest
vhigh,med,2,2,big,high,rest
vhigh,med,2,4,small,low,rest
vhigh,med,2,4,small,med,rest
vhigh,med,2,4,small,high,rest
vhigh,med,2,4,med,low,rest
vhigh,med,2,4,med,med,rest
vhigh,med,2,4,med,high,rest
vhigh,med,2,4,big,low,rest
vhigh,med,2,4,big,med,rest
vhigh,med,2,4,big,high,rest
vhigh,med,2,more,small,low,rest
vhigh,med,2,more,small,med,rest
vhigh,med,2,more,small,high,rest
vhigh,med,2,more,med,low,rest
vhigh,med,2,more,med,med,rest
vhigh,med,2,more,med,high,rest
vhigh,med,2,more,big,low,rest
vhigh,med,2,more,big,med,rest
vhigh,med,2,more,big,high,rest
vhigh,med,3,2,small,low,rest
vhigh,med,3,2,small,med,rest
vhigh,med,3,2,small,high,rest
vhigh,med,3,2,med,low,rest
vhigh,med,3,2,med,med,rest
vhigh,med,3,2,med,high,rest
vhigh,med,3,2,big,low,rest
vhigh,med,3,2,big,med,rest
vhigh,med,3,2,big,high,rest
vhigh,med,3,4,small,low,rest
vhigh,med,3,4,small,med,rest
vhigh,med,3,4,small,high,rest
vhigh,med,3,4,med,low,rest
vhigh,med,3,4,med,med,rest
vhigh,med,3,4,med,high,rest
vhigh,med,3,4,big,low,rest
vhigh,med,3,4,big,med,rest
vhigh,med,3,4,big,high,rest
vhigh,med,3,more,small,low,rest
vhigh,med,3,more,small,med,rest
vhigh,med,3,more,small,high,rest
vhigh,med,3,more,med,low,rest
vhigh,med,3,more,med,med,rest
vhigh,med,3,more,med,high,rest
vhigh,med,3,more,big,low,rest
vhigh,med,3,more,big,med,rest
vhigh,med,3,more,big,high,rest
vhigh,med,4,2,small,low,rest
vhigh,med,4,2,small,med,rest
vhigh,med,4,2,small,high,rest
vhigh,med,4,2,med,low,rest
vhigh,med,4,2,med,med,rest
vhigh,med,4,2,med,high,rest
vhigh,med,4,2,big,low,rest
vhigh,med,4,2,big,med,rest
vhigh,med,4,2,big,high,rest
vhigh,med,4,4,small,low,rest
vhigh,med,4,4,small,med,rest
vhigh,med,4,4,small,high,rest
vhigh,med,4,4,med,low,rest
vhigh,med,4,4,med,med,rest
vhigh,med,4,4,med,high,rest
vhigh,med,4,4,big,low,rest
vhigh,med,4,4,big,med,rest
vhigh,med,4,4,big,high,rest
vhigh,med,4,more,small,low,rest
vhigh,med,4,more,small,med,rest
vhigh,med,4,more,small,high,rest
vhigh,med,4,more,med,low,rest
vhigh,med,4,more,med,med,rest
vhigh,med,4,more,med,high,rest
vhigh,med,4,more,big,low,rest
vhigh,med,4,more,big,med,rest
vhigh,med,4,more,big,high,rest
vhigh,med,5more,2,small,low,rest
vhigh,med,5more,2,small,med,rest
vhigh,med,5more,2,small,high,rest
vhigh,med,5more,2,med,low,rest
vhigh,med,5more,2,med,med,rest
vhigh,med,5more,2,med,high,rest
vhigh,med,5more,2,big,low,rest
vhigh,med,5more,2,big,med,rest
vhigh,med,5more,2,big,high,rest
vhigh,med,5more,4,small,low,rest
vhigh,med,5more,4,small,med,rest
vhigh,med,5more,4,small,high,rest
vhigh,med,5more,4,med,low,rest
vhigh,med,5more,4,med,med,rest
vhigh,med,5more,4,med,high,rest
vhigh,med,5more,4,big,low,rest
vhigh,med,5more,4,big,med,rest
vhigh,med,5more,4,big,high,rest
vhigh,med,5more,more,small,low,rest
vhigh,med,5more,more,small,med,rest
vhigh,med,5more,more,small,high,rest
vhigh,med,5more,more,med,low,rest
vhigh,med,5more,more,med,med,rest
vhigh,med,5more,more,med,high,rest
vhigh,med,5more,more,big,low,rest
vhigh,med,5more,more,big,med,rest
vhigh,med,5more,more,big,high,rest
vhigh,low,2,2,small,low,rest
vhigh,low,2,2,small,med,rest
vhigh,low,2,2,small,high,rest
vhigh,low,2,2,med,low,rest
vhigh,low,2,2,med,med,rest
vhigh,low,2,2,med,high,rest
vhigh,low,2,2,big,low,rest
vhigh,low,2,2,big,med,rest
vhigh,low,2,2,big,high,rest
vhigh,low,2,4,small,low,rest
vhigh,low,2,4,small,med,rest
vhigh,low,2,4,small,high,rest
vhigh,low,2,4,med,low,rest
vhigh,low,2,4,med,med,rest
vhigh,low,2,4,med,high,rest
vhigh,low,2,4,big,low,rest
vhigh,low,2,4,big,med,rest
vhigh,low,2,4,big,high,rest
vhigh,low,2,more,small,low,rest
vhigh,low,2,more,small,med,rest
vhigh,low,2,more,small,high,rest
vhigh,low,2,more,med,low,rest
vhigh,low,2,more,med,med,rest
vhigh,low,2,more,med,high,rest
vhigh,low,2,more,big,low,rest
vhigh,low,2,more,big,med,rest
vhigh,low,2,more,big,high,rest
vhigh,low,3,2,small,low,rest
vhigh,low,3,2,small,med,rest
vhigh,low,3,2,small,high,rest
vhigh,low,3,2,med,low,rest
vhigh,low,3,2,med,med,rest
vhigh,low,3,2,med,high,rest
vhigh,low,3,2,big,low,rest
vhigh,low,3,2,big,med,rest
vhigh,low,3,2,big,high,rest
vhigh,low,3,4,small,low,rest
vhigh,low,3,4,small,med,rest
vhigh,low,3,4,small,high,rest
vhigh,low,3,4,med,low,rest
vhigh,low,3,4,med,med,rest
vhigh,low,3,4,med,high,rest
vhigh,low,3,4,big,low,rest
vhigh,low,3,4,big,med,rest
vhigh,low,3,4,big,high,rest
vhigh,low,3,more,small,low,rest
vhigh,low,3,more,small,med,rest
vhigh,low,3,more,small,high,rest
vhigh,low,3,more,med,low,rest
vhigh,low,3,more,med,med,rest
vhigh,low,3,more,med,high,rest
vhigh,low,3,more,big,low,rest
vhigh,low,3,more,big,med,rest
vhigh,low,3,more,big,high,rest
vhigh,low,4,2,small,low,rest
vhigh,low,4,2,small,med,rest
vhigh,low,4,2,small,high,rest
vhigh,low,4,2,med,low,rest
vhigh,low,4,2,med,med,rest
vhigh,low,4,2,med,high,rest
vhigh,low,4,2,big,low,rest
vhigh,low,4,2,big,med,rest
vhigh,low,4,2,big,high,rest
vhigh,low,4,4,small,low,rest
vhigh,low,4,4,small,med,rest
vhigh,low,4,4,small,high,rest
vhigh,low,4,4,med,low,rest
vhigh,low,4,4,med,med,rest
vhigh,low,4,4,med,high,rest
vhigh,low,4,4,big,low,rest
vhigh,low,4,4,big,med,rest
vhigh,low,4,4,big,high,rest
vhigh,low,4,more,small,low,rest
vhigh,low,4,more,small,med,rest
vhigh,low,4,more,small,high,rest
vhigh,low,4,more,med,low,rest
vhigh,low,4,more,med,med,rest
vhigh,low,4,more,med,high,rest
vhigh,low,4,more,big,low,rest
vhigh,low,4,more,big,med,rest
vhigh,low,4,more,big,high,rest
vhigh,low,5more,2,small,low,rest
vhigh,low,5more,2,small,med,rest
vhigh,low,5more,2,small,high,rest
vhigh,low,5more,2,med,low,rest
vhigh,low,5more,2,med,med,rest
vhigh,low,5more,2,med,high,rest
vhigh,low,5more,2,big,low,rest
vhigh,low,5more,2,big,med,rest
vhigh,low,5more,2,big,high,rest
vhigh,low,5more,4,small,low,rest
vhigh,low,5more,4,small,med,rest
vhigh,low,5more,4,small,high,rest
vhigh,low,5more,4,med,low,rest
vhigh,low,5more,4,med,med,rest
vhigh,low,5more,4,med,high,rest
vhigh,low,5more,4,big,low,rest
vhigh,low,5more,4,big,med,rest
vhigh,low,5more,4,big,high,rest
vhigh,low,5more,more,small,low,rest
vhigh,low,5more,more,small,med,rest
vhigh,low,5more,more,small,high,rest
vhigh,low,5more,more,med,low,rest
vhigh,low,5more,more,med,med,rest
vhigh,low,5more,more,med,high,rest
vhigh,low,5more,more,big,low,rest
vhigh,low,5more,more,big,med,rest
vhigh,low,5more,more,big,high,rest
high,vhigh,2,2,small,low,rest
high,vhigh,2,2,small,med,rest
high,vhigh,2,2,small,high,rest
high,vhigh,2,2,med,low,rest
high,vhigh,2,2,med,med,rest
high,vhigh,2,2,med,high,rest
high,vhigh,2,2,big,low,rest
high,vhigh,2,2,big,med,rest
high,vhigh,2,2,big,high,rest
high,vhigh,2,4,small,low,rest
high,vhigh,2,4,small,med,rest
high,vhigh,2,4,small,high,rest
high,vhigh,2,4,med,low,rest
high,vhigh,2,4,med,med,rest
high,vhigh,2,4,med,high,rest
high,vhigh,2,4,big,low,rest
high,vhigh,2,4,big,med,rest
high,vhigh,2,4,big,high,rest
high,vhigh,2,more,small,low,rest
high,vhigh,2,more,small,med,rest
high,vhigh,2,more,small,high,rest
high,vhigh,2,more,med,low,rest
high,vhigh,2,more,med,med,rest
high,vhigh,2,more,med,high,rest
high,vhigh,2,more,big,low,rest
high,vhigh,2,more,big,med,rest
high,vhigh,2,more,big,high,rest
high,vhigh,3,2,small,low,rest
high,vhigh,3,2,small,med,rest
high,vhigh,3,2,small,high,rest
high,vhigh,3,2,med,low,rest
high,vhigh,3,2,med,med,rest
high,vhigh,3,2,med,high,rest
high,vhigh,3,2,big,low,rest
high,vhigh,3,2,big,med,rest
high,vhigh,3,2,big,high,rest
high,vhigh,3,4,small,low,rest
high,vhigh,3,4,small,med,rest
high,vhigh,3,4,small,high,rest
high,vhigh,3,4,med,low,rest
high,vhigh,3,4,med,med,rest
high,vhigh,3,4,med,high,rest
high,vhigh,3,4,big,low,rest
high,vhigh,3,4,big,med,rest
high,vhigh,3,4,big,high,rest
high,vhigh,3,more,small,low,rest
high,vhigh,3,more,small,med,rest
high,vhigh,3,more,small,high,rest
high,vhigh,3,more,med,low,rest
high,vhigh,3,more,med,med,rest
high,vhigh,3,more,med,high,rest
high,vhigh,3,more,big,low,rest
high,vhigh,3,more,big,med,rest
high,vhigh,3,more,big,high,rest
high,vhigh,4,2,small,low,rest
high,vhigh,4,2,small,med,rest
high,vhigh,4,2,small,high,rest
high,vhigh,4,2,med,low,rest
high,vhigh,4,2,med,med,rest
high,vhigh,4,2,med,high,rest
high,vhigh,4,2,big,low,rest
high,vhigh,4,2,big,med,rest
high,vhigh,4,2,big,high,rest
high,vhigh,4,4,small,low,rest
high,vhigh,4,4,small,med,rest
high,vhigh,4,4,small,high,rest
high,vhigh,4,4,med,low,rest
high,vhigh,4,4,med,med,rest
high,vhigh,4,4,med,high,rest
high,vhigh,4,4,big,low,rest
high,vhigh,4,4,big,med,rest
high,vhigh,4,4,big,high,rest
high,vhigh,4,more,small,low,rest
high,vhigh,4,more,small,med,rest
high,vhigh,4,more,small,high,rest
high,vhigh,4,more,med,low,rest
high,vhigh,4,more,med,med,rest
high,vhigh,4,more,med,high,rest
high,vhigh,4,more,big,low,rest
high,vhigh,4,more,big,med,rest
high,vhigh,4,more,big,high,rest
high,vhigh,5more,2,small,low,rest
high,vhigh,5more,2,small,med,rest
high,vhigh,5more,2,small,high,rest
high,vhigh,5more,2,med,low,rest
high,vhigh,5more,2,med,med,rest
high,vhigh,5more,2,med,high,rest
high,vhigh,5more,2,big,low,rest
high,vhigh,5more,2,big,med,rest
high,vhigh,5more,2,big,high,rest
high,vhigh,5more,4,small,low,rest
high,vhigh,5more,4,small,med,rest
high,vhigh,5more,4,small,high,rest
high,vhigh,5more,4,med,low,rest
high,vhigh,5more,4,med,med,rest
high,vhigh,5more,4,med,high,rest
high,vhigh,5more,4,big,low,rest
high,vhigh,5more,4,big,med,rest
high,vhigh,5more,4,big,high,rest
high,vhigh,5more,more,small,low,rest
high,vhigh,5more,more,small,med,rest
high,vhigh,5more,more,small,high,rest
high,vhigh,5more,more,med,low,rest
high,vhigh,5more,more,med,med,rest
high,vhigh,5more,more,med,high,rest
high,vhigh,5more,more,big,low,rest
high,vhigh,5more,more,big,med,rest
high,vhigh,5more,more,big,high,rest
high,high,2,2,small,low,rest
high,high,2,2,small,med,rest
high,high,2,2,small,high,rest
high,high,2,2,med,low,rest
high,high,2,2,med,med,rest
high,high,2,2,med,high,rest
high,high,2,2,big,low,rest
high,high,2,2,big,med,rest
high,high,2,2,big,high,rest
high,high,2,4,small,low,rest
high,high,2,4,small,med,rest
high,high,2,4,small,high,rest
high,high,2,4,med,low,rest
high,high,2,4,med,med,rest
high,high,2,4,med,high,rest
high,high,2,4,big,low,rest
high,high,2,4,big,med,rest
high,high,2,4,big,high,rest
high,high,2,more,small,low,rest
high,high,2,more,small,med,rest
high,high,2,more,small,high,rest
high,high,2,more,med,low,rest
high,high,2,more,med,med,rest
high,high,2,more,med,high,rest
high,high,2,more,big,low,rest
high,high,2,more,big,med,rest
high,high,2,more,big,high,rest
high,high,3,2,small,low,rest
high,high,3,2,small,med,rest
high,high,3,2,small,high,rest
high,high,3,2,med,low,rest
high,high,3,2,med,med,rest
high,high,3,2,med,high,rest
high,high,3,2,big,low,rest
high,high,3,2,big,med,rest
high,high,3,2,big,high,rest
high,high,3,4,small,low,rest
high,high,3,4,small,med,rest
high,high,3,4,small,high,rest
high,high,3,4,med,low,rest
high,high,3,4,med,med,rest
high,high,3,4,med,high,rest
high,high,3,4,big,low,rest
high,high,3,4,big,med,rest
high,high,3,4,big,high,rest
high,high,3,more,small,low,rest
high,high,3,more,small,med,rest
high,high,3,more,small,high,rest
high,high,3,more,med,low,rest
high,high,3,more,med,med,rest
high,high,3,more,med,high,rest
high,high,3,more,big,low,rest
high,high,3,more,big,med,rest
high,high,3,more,big,high,rest
high,high,4,2,small,low,rest
high,high,4,2,small,med,rest
high,high,4,2,small,high,rest
high,high,4,2,med,low,rest
high,high,4,2,med,med,rest
high,high,4,2,med,high,rest
high,high,4,2,big,low,rest
high,high,4,2,big,med,rest
high,high,4,2,big,high,rest
high,high,4,4,small,low,rest
high,high,4,4,small,med,rest
high,high,4,4,small,high,rest
high,high,4,4,med,low,rest
high,high,4,4,med,med,rest
high,high,4,4,med,high,rest
high,high,4,4,big,low,rest
high,high,4,4,big,med,rest
high,high,4,4,big,high,rest
high,high,4,more,small,low,rest
high,high,4,more,small,med,rest
high,high,4,more,small,high,rest
high,high,4,more,med,low,rest
high,high,4,more,med,med,rest
high,high,4,more,med,high,rest
high,high,4,more,big,low,rest
high,high,4,more,big,med,rest
high,high,4,more,big,high,rest
high,high,5more,2,small,low,rest
high,high,5more,2,small,med,rest
high,high,5more,2,small,high,rest
high,high,5more,2,med,low,rest
high,high,5more,2,med,med,rest
high,high,5more,2,med,high,rest
high,high,5more,2,big,low,rest
high,high,5more,2,big,med,rest
high,high,5more,2,big,high,rest
high,high,5more,4,small,low,rest
high,high,5more,4,small,med,rest
high,high,5more,4,small,high,rest
high,high,5more,4,med,low,rest
high,high,5more,4,med,med,rest
high,high,5more,4,med,high,rest
high,high,5more,4,big,low,rest
high,high,5more,4,big,med,rest
high,high,5more,4,big,high,rest
high,high,5more,more,small,low,rest
high,high,5more,more,small,med,rest
high,high,5more,more,small,high,rest
high,high,5more,more,med,low,rest
high,high,5more,more,med,med,rest
high,high,5more,more,med,high,rest
high,high,5more,more,big,low,rest
high,high,5more,more,big,med,rest
high,high,5more,more,big,high,rest
high,med,2,2,small,low,rest
high,med,2,2,small,med,rest
high,med,2,2,small,high,rest
high,med,2,2,med,low,rest
high,med,2,2,med,med,rest
high,med,2,2,med,high,rest
high,med,2,2,big,low,rest
high,med,2,2,big,med,rest
high,med,2,2,big,high,rest
high,med,2,4,small,low,rest
high,med,2,4,small,med,rest
high,med,2,4,small,high,rest
high,med,2,4,med,low,rest
high,med,2,4,med,med,rest
high,med,2,4,med,high,rest
high,med,2,4,big,low,rest
high,med,2,4,big,med,rest
high,med,2,4,big,high,rest
high,med,2,more,small,low,rest
high,med,2,more,small,med,rest
high,med,2,more,small,high,rest
high,med,2,more,med,low,rest
high,med,2,more,med,med,rest
high,med,2,more,med,high,rest
high,med,2,more,big,low,rest
high,med,2,more,big,med,rest
high,med,2,more,big,high,rest
high,med,3,2,small,low,rest
high,med,3,2,small,med,rest
high,med,3,2,small,high,rest
high,med,3,2,med,low,rest
high,med,3,2,med,med,rest
high,med,3,2,med,high,rest
high,med,3,2,big,low,rest
high,med,3,2,big,med,rest
high,med,3,2,big,high,rest
high,med,3,4,small,low,rest
high,med,3,4,small,med,rest
high,med,3,4,small,high,rest
high,med,3,4,med,low,rest
high,med,3,4,med,med,rest
high,med,3,4,med,high,rest
high,med,3,4,big,low,rest
high,med,3,4,big,med,rest
high,med,3,4,big,high,rest
high,med,3,more,small,low,rest
high,med,3,more,small,med,rest
high,med,3,more,small,high,rest
high,med,3,more,med,low,rest
high,med,3,more,med,med,rest
high,med,3,more,med,high,rest
high,med,3,more,big,low,rest
high,med,3,more,big,med,rest
high,med,3,more,big,high,rest
high,med,4,2,small,low,rest
high,med,4,2,small,med,rest
high,med,4,2,small,high,rest
high,med,4,2,med,low,rest
high,med,4,2,med,med,rest
high,med,4,2,med,high,rest
high,med,4,2,big,low,rest
high,med,4,2,big,med,rest
high,med,4,2,big,high,rest
high,med,4,4,small,low,rest
high,med,4,4,small,med,rest
high,med,4,4,small,high,rest
high,med,4,4,med,low,rest
high,med,4,4,med,med,rest
high,med,4,4,med,high,rest
high,med,4,4,big,low,rest
high,med,4,4,big,med,rest
high,med,4,4,big,high,rest
high,med,4,more,small,low,rest
high,med,4,more,small,med,rest
high,med,4,more,small,high,rest
high,med,4,more,med,low,rest
high,med,4,more,med,med,rest
high,med,4,more,med,high,rest
high,med,4,more,big,low,rest
high,med,4,more,big,med,rest
high,med,4,more,big,high,rest
high,med,5more,2,small,low,rest
high,med,5more,2,small,med,rest
high,med,5more,2,small,high,rest
high,med,5more,2,med,low,rest
high,med,5more,2,med,med,rest
high,med,5more,2,med,high,rest
high,med,5more,2,big,low,rest
high,med,5more,2,big,med,rest
high,med,5more,2,big,high,rest
high,med,5more,4,small,low,rest
high,med,5more,4,small,med,rest
high,med,5more,4,small,high,rest
high,med,5more,4,med,low,rest
high,med,5more,4,med,med,rest
high,med,5more,4,med,high,rest
high,med,5more,4,big,low,rest
high,med,5more,4,big,med,rest
high,med,5more,4,big,high,rest
high,med,5more,more,small,low,rest
high,med,5more,more,small,med,rest
high,med,5more,more,small,high,rest
high,med,5more,more,med,low,rest
high,med,5more,more,med,med,rest
high,med,5more,more,med,high,rest
high,med,5more,more,big,low,rest
high,med,5more,more,big,med,rest
high,med,5more,more,big,high,rest
high,low,2,2,small,low,rest
high,low,2,2,small,med,rest
high,low,2,2,small,high,rest
high,low,2,2,med,low,rest
high,low,2,2,med,med,rest
high,low,2,2,med,high,rest
high,low,2,2,big,low,rest
high,low,2,2,big,med,rest
high,low,2,2,big,high,rest
high,low,2,4,small,low,rest
high,low,2,4,small,med,rest
high,low,2,4,small,high,rest
high,low,2,4,med,low,rest
high,low,2,4,med,med,rest
high,low,2,4,med,high,rest
high,low,2,4,big,low,rest
high,low,2,4,big,med,rest
high,low,2,4,big,high,rest
high,low,2,more,small,low,rest
high,low,2,more,small,med,rest
high,low,2,more,small,high,rest
high,low,2,more,med,low,rest
high,low,2,more,med,med,rest
high,low,2,more,med,high,rest
high,low,2,more,big,low,rest
high,low,2,more,big,med,rest
high,low,2,more,big,high,rest
high,low,3,2,small,low,rest
high,low,3,2,small,med,rest
high,low,3,2,small,high,rest
high,low,3,2,med,low,rest
high,low,3,2,med,med,rest
high,low,3,2,med,high,rest
high,low,3,2,big,low,rest
high,low,3,2,big,med,rest
high,low,3,2,big,high,rest
high,low,3,4,small,low,rest
high,low,3,4,small,med,rest
high,low,3,4,small,high,rest
high,low,3,4,med,low,rest
high,low,3,4,med,med,rest
high,low,3,4,med,high,rest
high,low,3,4,big,low,rest
high,low,3,4,big,med,rest
high,low,3,4,big,high,rest
high,low,3,more,small,low,rest
high,low,3,more,small,med,rest
high,low,3,more,small,high,rest
high,low,3,more,med,low,rest
high,low,3,more,med,med,rest
high,low,3,more,med,high,rest
high,low,3,more,big,low,rest
high,low,3,more,big,med,rest
high,low,3,more,big,high,rest
high,low,4,2,small,low,rest
high,low,4,2,small,med,rest
high,low,4,2,small,high,rest
high,low,4,2,med,low,rest
high,low,4,2,med,med,rest
high,low,4,2,med,high,rest
high,low,4,2,big,low,rest
high,low,4,2,big,med,rest
high,low,4,2,big,high,rest
high,low,4,4,small,low,rest
high,low,4,4,small,med,rest
high,low,4,4,small,high,rest
high,low,4,4,med,low,rest
high,low,4,4,med,med,rest
high,low,4,4,med,high,rest
high,low,4,4,big,low,rest
high,low,4,4,big,med,rest
high,low,4,4,big,high,rest
high,low,4,more,small,low,rest
high,low,4,more,small,med,rest
high,low,4,more,small,high,rest
high,low,4,more,med,low,rest
high,low,4,more,med,med,rest
high,low,4,more,med,high,rest
high,low,4,more,big,low,rest
high,low,4,more,big,med,rest
high,low,4,more,big,high,rest
high,low,5more,2,small,low,rest
high,low,5more,2,small,med,rest
high,low,5more,2,small,high,rest
high,low,5more,2,med,low,rest
high,low,5more,2,med,med,rest
high,low,5more,2,med,high,rest
high,low,5more,2,big,low,rest
high,low,5more,2,big,med,rest
high,low,5more,2,big,high,rest
high,low,5more,4,small,low,rest
high,low,5more,4,small,med,rest
high,low,5more,4,small,high,rest
high,low,5more,4,med,low,rest
high,low,5more,4,med,med,rest
high,low,5more,4,med,high,rest
high,low,5more,4,big,low,rest
high,low,5more,4,big,med,rest
high,low,5more,4,big,high,rest
high,low,5more,more,small,low,rest
high,low,5more,more,small,med,rest
high,low,5more,more,small,high,rest
high,low,5more,more,med,low,rest
high,low,5more,more,med,med,rest
high,low,5more,more,med,high,rest
high,low,5more,more,big,low,rest
high,low,5more,more,big,med,rest
high,low,5more,more,big,high,rest
med,vhigh,2,2,small,low,rest
med,vhigh,2,2,small,med,rest
med,vhigh,2,2,small,high,rest
med,vhigh,2,2,med,low,rest
med,vhigh,2,2,med,med,rest
med,vhigh,2,2,med,high,rest
med,vhigh,2,2,big,low,rest
med,vhigh,2,2,big,med,rest
med,vhigh,2,2,big,high,rest
med,vhigh,2,4,small,low,rest
med,vhigh,2,4,small,med,rest
med,vhigh,2,4,small,high,rest
med,vhigh,2,4,med,low,rest
med,vhigh,2,4,med,med,rest
med,vhigh,2,4,med,high,rest
med,vhigh,2,4,big,low,rest
med,vhigh,2,4,big,med,rest
med,vhigh,2,4,big,high,rest
med,vhigh,2,more,small,low,rest
med,vhigh,2,more,small,med,rest
med,vhigh,2,more,small,high,rest
med,vhigh,2,more,med,low,rest
med,vhigh,2,more,med,med,rest
med,vhigh,2,more,med,high,rest
med,vhigh,2,more,big,low,rest
med,vhigh,2,more,big,med,rest
med,vhigh,2,more,big,high,rest
med,vhigh,3,2,small,low,rest
med,vhigh,3,2,small,med,rest
med,vhigh,3,2,small,high,rest
med,vhigh,3,2,med,low,rest
med,vhigh,3,2,med,med,rest
med,vhigh,3,2,med,high,rest
med,vhigh,3,2,big,low,rest
med,vhigh,3,2,big,med,rest
med,vhigh,3,2,big,high,rest
med,vhigh,3,4,small,low,rest
med,vhigh,3,4,small,med,rest
med,vhigh,3,4,small,high,rest
med,vhigh,3,4,med,low,rest
med,vhigh,3,4,med,med,rest
med,vhigh,3,4,med,high,rest
med,vhigh,3,4,big,low,rest
med,vhigh,3,4,big,med,rest
med,vhigh,3,4,big,high,rest
med,vhigh,3,more,small,low,rest
med,vhigh,3,more,small,med,rest
med,vhigh,3,more,small,high,rest
med,vhigh,3,more,med,low,rest
med,vhigh,3,more,med,med,rest
med,vhigh,3,more,med,high,rest
med,vhigh,3,more,big,low,rest
med,vhigh,3,more,big,med,rest
med,vhigh,3,more,big,high,rest
med,vhigh,4,2,small,low,rest
med,vhigh,4,2,small,med,rest
med,vhigh,4,2,small,high,rest
med,vhigh,4,2,med,low,rest
med,vhigh,4,2,med,med,rest
med,vhigh,4,2,med,high,rest
med,vhigh,4,2,big,low,rest
med,vhigh,4,2,big,med,rest
med,vhigh,4,2,big,high,rest
med,vhigh,4,4,small,low,rest
med,vhigh,4,4,small,med,rest
med,vhigh,4,4,small,high,rest
med,vhigh,4,4,med,low,rest
med,vhigh,4,4,med,med,rest
med,vhigh,4,4,med,high,rest
med,vhigh,4,4,big,low,rest
med,vhigh,4,4,big,med,rest
med,vhigh,4,4,big,high,rest
med,vhigh,4,more,small,low,rest
med,vhigh,4,more,small,med,rest
med,vhigh,4,more,small,high,rest
med,vhigh,4,more,med,low,rest
med,vhigh,4,more,med,med,rest
med,vhigh,4,more,med,high,rest
med,vhigh,4,more,big,low,rest
med,vhigh,4,more,big,med,rest
med,vhigh,4,more,big,high,rest
med,vhigh,5more,2,small,low,rest
med,vhigh,5more,2,small,med,rest
med,vhigh,5more,2,small,high,rest
med,vhigh,5more,2,med,low,rest
med,vhigh,5more,2,med,med,rest
med,vhigh,5more,2,med,high,rest
med,vhigh,5more,2,big,low,rest
med,vhigh,5more,2,big,med,rest
med,vhigh,5more,2,big,high,rest
med,vhigh,5more,4,small,low,rest
med,vhigh,5more,4,small,med,rest
med,vhigh,5more,4,small,high,rest
med,vhigh,5more,4,med,low,rest
med,vhigh,5more,4,med,med,rest
med,vhigh,5more,4,med,high,rest
med,vhigh,5more,4,big,low,rest
med,vhigh,5more,4,big,med,rest
med,vhigh,5more,4,big,high,rest
med,vhigh,5more,more,small,low,rest
med,vhigh,5more,more,small,med,rest
med,vhigh,5more,more,small,high,rest
med,vhigh,5more,more,med,low,rest
med,vhigh,5more,more,med,med,rest
med,vhigh,5more,more,med,high,rest
med,vhigh,5more,more,big,low,rest
med,vhigh,5more,more,big,med,rest
med,vhigh,5more,more,big,high,rest
med,high,2,2,small,low,rest
med,high,2,2,small,med,rest
med,high,2,2,small,high,rest
med,high,2,2,med,low,rest
med,high,2,2,med,med,rest
med,high,2,2,med,high,rest
med,high,2,2,big,low,rest
med,high,2,2,big,med,rest
med,high,2,2,big,high,rest
med,high,2,4,small,low,rest
med,high,2,4,small,med,rest
med,high,2,4,small,high,rest
med,high,2,4,med,low,rest
med,high,2,4,med,med,rest
med,high,2,4,med,high,rest
med,high,2,4,big,low,rest
med,high,2,4,big,med,rest
med,high,2,4,big,high,rest
med,high,2,more,small,low,rest
med,high,2,more,small,med,rest
med,high,2,more,small,high,rest
med,high,2,more,med,low,rest
med,high,2,more,med,med,rest
med,high,2,more,med,high,rest
med,high,2,more,big,low,rest
med,high,2,more,big,med,rest
med,high,2,more,big,high,rest
med,high,3,2,small,low,rest
med,high,3,2,small,med,rest
med,high,3,2,small,high,rest
med,high,3,2,med,low,rest
med,high,3,2,med,med,rest
med,high,3,2,med,high,rest
med,high,3,2,big,low,rest
med,high,3,2,big,med,rest
med,high,3,2,big,high,rest
med,high,3,4,small,low,rest
med,high,3,4,small,med,rest
med,high,3,4,small,high,rest
med,high,3,4,med,low,rest
med,high,3,4,med,med,rest
med,high,3,4,med,high,rest
med,high,3,4,big,low,rest
med,high,3,4,big,med,rest
med,high,3,4,big,high,rest
med,high,3,more,small,low,rest
med,high,3,more,small,med,rest
med,high,3,more,small,high,rest
med,high,3,more,med,low,rest
med,high,3,more,med,med,rest
med,high,3,more,med,high,rest
med,high,3,more,big,low,rest
med,high,3,more,big,med,rest
med,high,3,more,big,high,rest
med,high,4,2,small,low,rest
med,high,4,2,small,med,rest
med,high,4,2,small,high,rest
med,high,4,2,med,low,rest
med,high,4,2,med,med,rest
med,high,4,2,med,high,rest
med,high,4,2,big,low,rest
med,high,4,2,big,med,rest
med,high,4,2,big,high,rest
med,high,4,4,small,low,rest
med,high,4,4,small,med,rest
med,high,4,4,small,high,rest
med,high,4,4,med,low,rest
med,high,4,4,med,med,rest
med,high,4,4,med,high,rest
med,high,4,4,big,low,rest
med,high,4,4,big,med,rest
med,high,4,4,big,high,rest
med,high,4,more,small,low,rest
med,high,4,more,small,med,rest
med,high,4,more,small,high,rest
med,high,4,more,med,low,rest
med,high,4,more,med,med,rest
med,high,4,more,med,high,rest
med,high,4,more,big,low,rest
med,high,4,more,big,med,rest
med,high,4,more,big,high,rest
med,high,5more,2,small,low,rest
med,high,5more,2,small,med,rest
med,high,5more,2,small,high,rest
med,high,5more,2,med,low,rest
med,high,5more,2,med,med,rest
med,high,5more,2,med,high,rest
med,high,5more,2,big,low,rest
med,high,5more,2,big,med,rest
med,high,5more,2,big,high,rest
med,high,5more,4,small,low,rest
med,high,5more,4,small,med,rest
med,high,5more,4,small,high,rest
med,high,5more,4,med,low,rest
med,high,5more,4,med,med,rest
med,high,5more,4,med,high,rest
med,high,5more,4,big,low,rest
med,high,5more,4,big,med,rest
med,high,5more,4,big,high,rest
med,high,5more,more,small,low,rest
med,high,5more,more,small,med,rest
med,high,5more,more,small,high,rest
med,high,5more,more,med,low,rest
med,high,5more,more,med,med,rest
med,high,5more,more,med,high,rest
med,high,5more,more,big,low,rest
med,high,5more,more,big,med,rest
med,high,5more,more,big,high,rest
med,med,2,2,small,low,rest
med,med,2,2,small,med,rest
med,med,2,2,small,high,rest
med,med,2,2,med,low,rest
med,med,2,2,med,med,rest
med,med,2,2,med,high,rest
med,med,2,2,big,low,rest
med,med,2,2,big,med,rest
med,med,2,2,big,high,rest
med,med,2,4,small,low,rest
med,med,2,4,small,med,rest
med,med,2,4,small,high,rest
med,med,2,4,med,low,rest
med,med,2,4,med,med,rest
med,med,2,4,med,high,rest
med,med,2,4,big,low,rest
med,med,2,4,big,med,rest
med,med,2,4,big,high,rest
med,med,2,more,small,low,rest
med,med,2,more,small,med,rest
med,med,2,more,small,high,rest
med,med,2,more,med,low,rest
med,med,2,more,med,med,rest
med,med,2,more,med,high,rest
med,med,2,more,big,low,rest
med,med,2,more,big,med,rest
med,med,2,more,big,high,rest
med,med,3,2,small,low,rest
med,med,3,2,small,med,rest
med,med,3,2,small,high,rest
med,med,3,2,med,low,rest
med,med,3,2,med,med,rest
med,med,3,2,med,high,rest
med,med,3,2,big,low,rest
med,med,3,2,big,med,rest
med,med,3,2,big,high,rest
med,med,3,4,small,low,rest
med,med,3,4,small,med,rest
med,med,3,4,small,high,rest
med,med,3,4,med,low,rest
med,med,3,4,med,med,rest
med,med,3,4,med,high,rest
med,med,3,4,big,low,rest
med,med,3,4,big,med,rest
med,med,3,4,big,high,rest
med,med,3,more,small,low,rest
med,med,3,more,small,med,rest
med,med,3,more,small,high,rest
med,med,3,more,med,low,rest
med,med,3,more,med,med,rest
med,med,3,more,med,high,rest
med,med,3,more,big,low,rest
med,med,3,more,big,med,rest
med,med,3,more,big,high,rest
med,med,4,2,small,low,rest
med,med,4,2,small,med,rest
med,med,4,2,small,high,rest
med,med,4,2,med,low,rest
med,med,4,2,med,med,rest
med,med,4,2,med,high,rest
med,med,4,2,big,low,rest
med,med,4,2,big,med,rest
med,med,4,2,big,high,rest
med,med,4,4,small,low,rest
med,med,4,4,small,med,rest
med,med,4,4,small,high,rest
med,med,4,4,med,low,rest
med,med,4,4,med,med,rest
med,med,4,4,med,high,rest
med,med,4,4,big,low,rest
med,med,4,4,big,med,rest
med,med,4,4,big,high,rest
med,med,4,more,small,low,rest
med,med,4,more,small,med,rest
med,med,4,more,small,high,rest
med,med,4,more,med,low,rest
med,med,4,more,med,med,rest
med,med,4,more,med,high,rest
med,med,4,more,big,low,rest
med,med,4,more,big,med,rest
med,med,4,more,big,high,rest
med,med,5more,2,small,low,rest
med,med,5more,2,small,med,rest
med,med,5more,2,small,high,rest
med,med,5more,2,med,low,rest
med,med,5more,2,med,med,rest
med,med,5more,2,med,high,rest
med,med,5more,2,big,low,rest
med,med,5more,2,big,med,rest
med,med,5more,2,big,high,rest
med,med,5more,4,small,low,rest
med,med,5more,4,small,med,rest
med,med,5more,4,small,high,rest
med,med,5more,4,med,low,rest
med,med,5more,4,med,med,rest
med,med,5more,4,med,high,rest
med,med,5more,4,big,low,rest
med,med,5more,4,big,med,rest
med,med,5more,4,big,high,rest
med,med,5more,more,small,low,rest
med,med,5more,more,small,med,rest
med,med,5more,more,small,high,rest
med,med,5more,more,med,low,rest
med,med,5more,more,med,med,rest
med,med,5more,more,med,high,rest
med,med,5more,more,big,low,rest
med,med,5more,more,big,med,rest
med,med,5more,more,big,high,rest
med,low,2,2,small,low,rest
med,low,2,2,small,med,rest
med,low,2,2,small,high,rest
med,low,2,2,med,low,rest
med,low,2,2,med,med,rest
med,low,2,2,med,high,rest
med,low,2,2,big,low,rest
med,low,2,2,big,med,rest
med,low,2,2,big,high,rest
med,low,2,4,small,low,rest
med,low,2,4,small,med,rest
med,low,2,4,small,high,good
med,low,2,4,med,low,rest
med,low,2,4,med,med,rest
med,low,2,4,med,high,good
med,low,2,4,big,low,rest
med,low,2,4,big,med,good
med,low,2,4,big,high,rest
med,low,2,more,small,low,rest
med,low,2,more,small,med,rest
med,low,2,more,small,high,rest
med,low,2,more,med,low,rest
med,low,2,more,med,med,rest
med,low,2,more,med,high,good
med,low,2,more,big,low,rest
med,low,2,more,big,med,good
med,low,2,more,big,high,rest
med,low,3,2,small,low,rest
med,low,3,2,small,med,rest
med,low,3,2,small,high,rest
med,low,3,2,med,low,rest
med,low,3,2,med,med,rest
med,low,3,2,med,high,rest
med,low,3,2,big,low,rest
med,low,3,2,big,med,rest
med,low,3,2,big,high,rest
med,low,3,4,small,low,rest
med,low,3,4,small,med,rest
med,low,3,4,small,high,good
med,low,3,4,med,low,rest
med,low,3,4,med,med,rest
med,low,3,4,med,high,good
med,low,3,4,big,low,rest
med,low,3,4,big,med,good
med,low,3,4,big,high,rest
med,low,3,more,small,low,rest
med,low,3,more,small,med,rest
med,low,3,more,small,high,good
med,low,3,more,med,low,rest
med,low,3,more,med,med,good
med,low,3,more,med,high,rest
med,low,3,more,big,low,rest
med,low,3,more,big,med,good
med,low,3,more,big,high,rest
med,low,4,2,small,low,rest
med,low,4,2,small,med,rest
med,low,4,2,small,high,rest
med,low,4,2,med,low,rest
med,low,4,2,med,med,rest
med,low,4,2,med,high,rest
med,low,4,2,big,low,rest
med,low,4,2,big,med,rest
med,low,4,2,big,high,rest
med,low,4,4,small,low,rest
med,low,4,4,small,med,rest
med,low,4,4,small,high,good
med,low,4,4,med,low,rest
med,low,4,4,med,med,good
med,low,4,4,med,high,rest
med,low,4,4,big,low,rest
med,low,4,4,big,med,good
med,low,4,4,big,high,rest
med,low,4,more,small,low,rest
med,low,4,more,small,med,rest
med,low,4,more,small,high,good
med,low,4,more,med,low,rest
med,low,4,more,med,med,good
med,low,4,more,med,high,rest
med,low,4,more,big,low,rest
med,low,4,more,big,med,good
med,low,4,more,big,high,rest
med,low,5more,2,small,low,rest
med,low,5more,2,small,med,rest
med,low,5more,2,small,high,rest
med,low,5more,2,med,low,rest
med,low,5more,2,med,med,rest
med,low,5more,2,med,high,rest
med,low,5more,2,big,low,rest
med,low,5more,2,big,med,rest
med,low,5more,2,big,high,rest
med,low,5more,4,small,low,rest
med,low,5more,4,small,med,rest
med,low,5more,4,small,high,good
med,low,5more,4,med,low,rest
med,low,5more,4,med,med,good
med,low,5more,4,med,high,rest
med,low,5more,4,big,low,rest
med,low,5more,4,big,med,good
med,low,5more,4,big,high,rest
med,low,5more,more,small,low,rest
med,low,5more,more,small,med,rest
med,low,5more,more,small,high,good
med,low,5more,more,med,low,rest
med,low,5more,more,med,med,good
med,low,5more,more,med,high,rest
med,low,5more,more,big,low,rest
med,low,5more,more,big,med,good
med,low,5more,more,big,high,rest
low,vhigh,2,2,small,low,rest
low,vhigh,2,2,small,med,rest
low,vhigh,2,2,small,high,rest
low,vhigh,2,2,med,low,rest
low,vhigh,2,2,med,med,rest
low,vhigh,2,2,med,high,rest
low,vhigh,2,2,big,low,rest
low,vhigh,2,2,big,med,rest
low,vhigh,2,2,big,high,rest
low,vhigh,2,4,small,low,rest
low,vhigh,2,4,small,med,rest
low,vhigh,2,4,small,high,rest
low,vhigh,2,4,med,low,rest
low,vhigh,2,4,med,med,rest
low,vhigh,2,4,med,high,rest
low,vhigh,2,4,big,low,rest
low,vhigh,2,4,big,med,rest
low,vhigh,2,4,big,high,rest
low,vhigh,2,more,small,low,rest
low,vhigh,2,more,small,med,rest
low,vhigh,2,more,small,high,rest
low,vhigh,2,more,med,low,rest
low,vhigh,2,more,med,med,rest
low,vhigh,2,more,med,high,rest
low,vhigh,2,more,big,low,rest
low,vhigh,2,more,big,med,rest
low,vhigh,2,more,big,high,rest
low,vhigh,3,2,small,low,rest
low,vhigh,3,2,small,med,rest
low,vhigh,3,2,small,high,rest
low,vhigh,3,2,med,low,rest
low,vhigh,3,2,med,med,rest
low,vhigh,3,2,med,high,rest
low,vhigh,3,2,big,low,rest
low,vhigh,3,2,big,med,rest
low,vhigh,3,2,big,high,rest
low,vhigh,3,4,small,low,rest
low,vhigh,3,4,small,med,rest
low,vhigh,3,4,small,high,rest
low,vhigh,3,4,med,low,rest
low,vhigh,3,4,med,med,rest
low,vhigh,3,4,med,high,rest
low,vhigh,3,4,big,low,rest
low,vhigh,3,4,big,med,rest
low,vhigh,3,4,big,high,rest
low,vhigh,3,more,small,low,rest
low,vhigh,3,more,small,med,rest
low,vhigh,3,more,small,high,rest
low,vhigh,3,more,med,low,rest
low,vhigh,3,more,med,med,rest
low,vhigh,3,more,med,high,rest
low,vhigh,3,more,big,low,rest
low,vhigh,3,more,big,med,rest
low,vhigh,3,more,big,high,rest
low,vhigh,4,2,small,low,rest
low,vhigh,4,2,small,med,rest
low,vhigh,4,2,small,high,rest
low,vhigh,4,2,med,low,rest
low,vhigh,4,2,med,med,rest
low,vhigh,4,2,med,high,rest
low,vhigh,4,2,big,low,rest
low,vhigh,4,2,big,med,rest
low,vhigh,4,2,big,high,rest
low,vhigh,4,4,small,low,rest
low,vhigh,4,4,small,med,rest
low,vhigh,4,4,small,high,rest
low,vhigh,4,4,med,low,rest
low,vhigh,4,4,med,med,rest
low,vhigh,4,4,med,high,rest
low,vhigh,4,4,big,low,rest
low,vhigh,4,4,big,med,rest
low,vhigh,4,4,big,high,rest
low,vhigh,4,more,small,low,rest
low,vhigh,4,more,small,med,rest
low,vhigh,4,more,small,high,rest
low,vhigh,4,more,med,low,rest
low,vhigh,4,more,med,med,rest
low,vhigh,4,more,med,high,rest
low,vhigh,4,more,big,low,rest
low,vhigh,4,more,big,med,rest
low,vhigh,4,more,big,high,rest
low,vhigh,5more,2,small,low,rest
low,vhigh,5more,2,small,med,rest
low,vhigh,5more,2,small,high,rest
low,vhigh,5more,2,med,low,rest
low,vhigh,5more,2,med,med,rest
low,vhigh,5more,2,med,high,rest
low,vhigh,5more,2,big,low,rest
low,vhigh,5more,2,big,med,rest
low,vhigh,5more,2,big,high,rest
low,vhigh,5more,4,small,low,rest
low,vhigh,5more,4,small,med,rest
low,vhigh,5more,4,small,high,rest
low,vhigh,5more,4,med,low,rest
low,vhigh,5more,4,med,med,rest
low,vhigh,5more,4,med,high,rest
low,vhigh,5more,4,big,low,rest
low,vhigh,5more,4,big,med,rest
low,vhigh,5more,4,big,high,rest
low,vhigh,5more,more,small,low,rest
low,vhigh,5more,more,small,med,rest
low,vhigh,5more,more,small,high,rest
low,vhigh,5more,more,med,low,rest
low,vhigh,5more,more,med,med,rest
low,vhigh,5more,more,med,high,rest
low,vhigh,5more,more,big,low,rest
low,vhigh,5more,more,big,med,rest
low,vhigh,5more,more,big,high,rest
low,high,2,2,small,low,rest
low,high,2,2,small,med,rest
low,high,2,2,small,high,rest
low,high,2,2,med,low,rest
low,high,2,2,med,med,rest
low,high,2,2,med,high,rest
low,high,2,2,big,low,rest
low,high,2,2,big,med,rest
low,high,2,2,big,high,rest
low,high,2,4,small,low,rest
low,high,2,4,small,med,rest
low,high,2,4,small,high,rest
low,high,2,4,med,low,rest
low,high,2,4,med,med,rest
low,high,2,4,med,high,rest
low,high,2,4,big,low,rest
low,high,2,4,big,med,rest
low,high,2,4,big,high,rest
low,high,2,more,small,low,rest
low,high,2,more,small,med,rest
low,high,2,more,small,high,rest
low,high,2,more,med,low,rest
low,high,2,more,med,med,rest
low,high,2,more,med,high,rest
low,high,2,more,big,low,rest
low,high,2,more,big,med,rest
low,high,2,more,big,high,rest
low,high,3,2,small,low,rest
low,high,3,2,small,med,rest
low,high,3,2,small,high,rest
low,high,3,2,med,low,rest
low,high,3,2,med,med,rest
low,high,3,2,med,high,rest
low,high,3,2,big,low,rest
low,high,3,2,big,med,rest
low,high,3,2,big,high,rest
low,high,3,4,small,low,rest
low,high,3,4,small,med,rest
low,high,3,4,small,high,rest
low,high,3,4,med,low,rest
low,high,3,4,med,med,rest
low,high,3,4,med,high,rest
low,high,3,4,big,low,rest
low,high,3,4,big,med,rest
low,high,3,4,big,high,rest
low,high,3,more,small,low,rest
low,high,3,more,small,med,rest
low,high,3,more,small,high,rest
low,high,3,more,med,low,rest
low,high,3,more,med,med,rest
low,high,3,more,med,high,rest
low,high,3,more,big,low,rest
low,high,3,more,big,med,rest
low,high,3,more,big,high,rest
low,high,4,2,small,low,rest
low,high,4,2,small,med,rest
low,high,4,2,small,high,rest
low,high,4,2,med,low,rest
low,high,4,2,med,med,rest
low,high,4,2,med,high,rest
low,high,4,2,big,low,rest
low,high,4,2,big,med,rest
low,high,4,2,big,high,rest
low,high,4,4,small,low,rest
low,high,4,4,small,med,rest
low,high,4,4,small,high,rest
low,high,4,4,med,low,rest
low,high,4,4,med,med,rest
low,high,4,4,med,high,rest
low,high,4,4,big,low,rest
low,high,4,4,big,med,rest
low,high,4,4,big,high,rest
low,high,4,more,small,low,rest
low,high,4,more,small,med,rest
low,high,4,more,small,high,rest
low,high,4,more,med,low,rest
low,high,4,more,med,med,rest
low,high,4,more,med,high,rest
low,high,4,more,big,low,rest
low,high,4,more,big,med,rest
low,high,4,more,big,high,rest
low,high,5more,2,small,low,rest
low,high,5more,2,small,med,rest
low,high,5more,2,small,high,rest
low,high,5more,2,med,low,rest
low,high,5more,2,med,med,rest
low,high,5more,2,med,high,rest
low,high,5more,2,big,low,rest
low,high,5more,2,big,med,rest
low,high,5more,2,big,high,rest
low,high,5more,4,small,low,rest
low,high,5more,4,small,med,rest
low,high,5more,4,small,high,rest
low,high,5more,4,med,low,rest
low,high,5more,4,med,med,rest
low,high,5more,4,med,high,rest
low,high,5more,4,big,low,rest
low,high,5more,4,big,med,rest
low,high,5more,4,big,high,rest
low,high,5more,more,small,low,rest
low,high,5more,more,small,med,rest
low,high,5more,more,small,high,rest
low,high,5more,more,med,low,rest
low,high,5more,more,med,med,rest
low,high,5more,more,med,high,rest
low,high,5more,more,big,low,rest
low,high,5more,more,big,med,rest
low,high,5more,more,big,high,rest
low,med,2,2,small,low,rest
low,med,2,2,small,med,rest
low,med,2,2,small,high,rest
low,med,2,2,med,low,rest
low,med,2,2,med,med,rest
low,med,2,2,med,high,rest
low,med,2,2,big,low,rest
low,med,2,2,big,med,rest
low,med,2,2,big,high,rest
low,med,2,4,small,low,rest
low,med,2,4,small,med,rest
low,med,2,4,small,high,good
low,med,2,4,med,low,rest
low,med,2,4,med,med,rest
low,med,2,4,med,high,good
low,med,2,4,big,low,rest
low,med,2,4,big,med,good
low,med,2,4,big,high,rest
low,med,2,more,small,low,rest
low,med,2,more,small,med,rest
low,med,2,more,small,high,rest
low,med,2,more,med,low,rest
low,med,2,more,med,med,rest
low,med,2,more,med,high,good
low,med,2,more,big,low,rest
low,med,2,more,big,med,good
low,med,2,more,big,high,rest
low,med,3,2,small,low,rest
low,med,3,2,small,med,rest
low,med,3,2,small,high,rest
low,med,3,2,med,low,rest
low,med,3,2,med,med,rest
low,med,3,2,med,high,rest
low,med,3,2,big,low,rest
low,med,3,2,big,med,rest
low,med,3,2,big,high,rest
low,med,3,4,small,low,rest
low,med,3,4,small,med,rest
low,med,3,4,small,high,good
low,med,3,4,med,low,rest
low,med,3,4,med,med,rest
low,med,3,4,med,high,good
low,med,3,4,big,low,rest
low,med,3,4,big,med,good
low,med,3,4,big,high,rest
low,med,3,more,small,low,rest
low,med,3,more,small,med,rest
low,med,3,more,small,high,good
low,med,3,more,med,low,rest
low,med,3,more,med,med,good
low,med,3,more,med,high,rest
low,med,3,more,big,low,rest
low,med,3,more,big,med,good
low,med,3,more,big,high,rest
low,med,4,2,small,low,rest
low,med,4,2,small,med,rest
low,med,4,2,small,high,rest
low,med,4,2,med,low,rest
low,med,4,2,med,med,rest
low,med,4,2,med,high,rest
low,med,4,2,big,low,rest
low,med,4,2,big,med,rest
low,med,4,2,big,high,rest
low,med,4,4,small,low,rest
low,med,4,4,small,med,rest
low,med,4,4,small,high,good
low,med,4,4,med,low,rest
low,med,4,4,med,med,good
low,med,4,4,med,high,rest
low,med,4,4,big,low,rest
low,med,4,4,big,med,good
low,med,4,4,big,high,rest
low,med,4,more,small,low,rest
low,med,4,more,small,med,rest
low,med,4,more,small,high,good
low,med,4,more,med,low,rest
low,med,4,more,med,med,good
low,med,4,more,med,high,rest
low,med,4,more,big,low,rest
low,med,4,more,big,med,good
low,med,4,more,big,high,rest
low,med,5more,2,small,low,rest
low,med,5more,2,small,med,rest
low,med,5more,2,small,high,rest
low,med,5more,2,med,low,rest
low,med,5more,2,med,med,rest
low,med,5more,2,med,high,rest
low,med,5more,2,big,low,rest
low,med,5more,2,big,med,rest
low,med,5more,2,big,high,rest
low,med,5more,4,small,low,rest
low,med,5more,4,small,med,rest
low,med,5more,4,small,high,good
low,med,5more,4,med,low,rest
low,med,5more,4,med,med,good
low,med,5more,4,med,high,rest
low,med,5more,4,big,low,rest
low,med,5more,4,big,med,good
low,med,5more,4,big,high,rest
low,med,5more,more,small,low,rest
low,med,5more,more,small,med,rest
low,med,5more,more,small,high,good
low,med,5more,more,med,low,rest
low,med,5more,more,med,med,good
low,med,5more,more,med,high,rest
low,med,5more,more,big,low,rest
low,med,5more,more,big,med,good
low,med,5more,more,big,high,rest
low,low,2,2,small,low,rest
low,low,2,2,small,med,rest
low,low,2,2,small,high,rest
low,low,2,2,med,low,rest
low,low,2,2,med,med,rest
low,low,2,2,med,high,rest
low,low,2,2,big,low,rest
low,low,2,2,big,med,rest
low,low,2,2,big,high,rest
low,low,2,4,small,low,rest
low,low,2,4,small,med,rest
low,low,2,4,small,high,good
low,low,2,4,med,low,rest
low,low,2,4,med,med,rest
low,low,2,4,med,high,good
low,low,2,4,big,low,rest
low,low,2,4,big,med,good
low,low,2,4,big,high,rest
low,low,2,more,small,low,rest
low,low,2,more,small,med,rest
low,low,2,more,small,high,rest
low,low,2,more,med,low,rest
low,low,2,more,med,med,rest
low,low,2,more,med,high,good
low,low,2,more,big,low,rest
low,low,2,more,big,med,good
low,low,2,more,big,high,rest
low,low,3,2,small,low,rest
low,low,3,2,small,med,rest
low,low,3,2,small,high,rest
low,low,3,2,med,low,rest
low,low,3,2,med,med,rest
low,low,3,2,med,high,rest
low,low,3,2,big,low,rest
low,low,3,2,big,med,rest
low,low,3,2,big,high,rest
low,low,3,4,small,low,rest
low,low,3,4,small,med,rest
low,low,3,4,small,high,good
low,low,3,4,med,low,rest
low,low,3,4,med,med,rest
low,low,3,4,med,high,good
low,low,3,4,big,low,rest
low,low,3,4,big,med,good
low,low,3,4,big,high,rest
low,low,3,more,small,low,rest
low,low,3,more,small,med,rest
low,low,3,more,small,high,good
low,low,3,more,med,low,rest
low,low,3,more,med,med,good
low,low,3,more,med,high,rest
low,low,3,more,big,low,rest
low,low,3,more,big,med,good
low,low,3,more,big,high,rest
low,low,4,2,small,low,rest
low,low,4,2,small,med,rest
low,low,4,2,small,high,rest
low,low,4,2,med,low,rest
low,low,4,2,med,med,rest
low,low,4,2,med,high,rest
low,low,4,2,big,low,rest
low,low,4,2,big,med,rest
low,low,4,2,big,high,rest
low,low,4,4,small,low,rest
low,low,4,4,small,med,rest
low,low,4,4,small,high,good
low,low,4,4,med,low,rest
low,low,4,4,med,med,good
low,low,4,4,med,high,rest
low,low,4,4,big,low,rest
low,low,4,4,big,med,good
low,low,4,4,big,high,rest
low,low,4,more,small,low,rest
low,low,4,more,small,med,rest
low,low,4,more,small,high,good
low,low,4,more,med,low,rest
low,low,4,more,med,med,good
low,low,4,more,med,high,rest
low,low,4,more,big,low,rest
low,low,4,more,big,med,good
low,low,4,more,big,high,rest
low,low,5more,2,small,low,rest
low,low,5more,2,small,med,rest
low,low,5more,2,small,high,rest
low,low,5more,2,med,low,rest
low,low,5more,2,med,med,rest
low,low,5more,2,med,high,rest
low,low,5more,2,big,low,rest
low,low,5more,2,big,med,rest
low,low,5more,2,big,high,rest
low,low,5more,4,small,low,rest
low,low,5more,4,small,med,rest
low,low,5more,4,small,high,good
low,low,5more,4,med,low,rest
low,low,5more,4,med,med,good
low,low,5more,4,med,high,rest
low,low,5more,4,big,low,rest
low,low,5more,4,big,med,good
low,low,5more,4,big,high,rest
low,low,5more,more,small,low,rest
low,low,5more,more,small,med,rest
low,low,5more,more,small,high,good
low,low,5more,more,med,low,rest
low,low,5more,more,med,med,good
low,low,5more,more,med,high,rest
low,low,5more,more,big,low,rest
low,low,5more,more,big,med,good
low,low,5more,more,big,high,rest
